,1-10,11-30,31-75,all
M-aupr,0.06499010636777179,0.25559378560687834,0.5495469496802751,0.1293773041715849
M-auc,0.4658457202581708,0.6448408322220957,0.6606240678557197,0.5077082599988073
aupr_list,"[0.013888888888888888, 0.025148809523809525, 0.05071079808383884, 0.015384615384615385, 0.24308616739989292, 0.01020408163265306, 0.008403361344537815, 0.0833963423352429, 0.08972620946305157, 0.03126659595587528, 0.015259813932380304, 0.03333333333333333, 0.018085270124672925, 0.21333874458874458, 0.0908170604765032, 0.02702702702702703, 0.017543859649122806, 0.04007209188660801, 0.11072150072150072, 0.20029116409197062, 0.4357275132275132, 0.010752688172043012, 0.044018350930115635, 0.13806646804343775, 0.03445121187056671, 0.013314967860422407, 0.09191642057094208, 0.25, 0.07275012371818163, 0.054411764705882354, 0.010101010101010102, 0.008333333333333333, 0.10813492063492063, 0.037037037037037035, 0.025675675675675677, 0.008928571428571428, 0.25, 0.013888888888888888, 0.014635603345280765, 0.06272978206237384, 0.10056892536663158, 0.08333333333333333, 0.08333333333333333, 0.029411764705882353, 0.01020408163265306, 0.009615384615384616, 0.060000000000000005, 0.11362495553608086, 0.17110603754439369, 0.06277171805887441, 0.01948785539446432, 0.04145337768974867, 0.043478260869565216, 0.029073841474760942, 0.06333333333333334, 0.09736842105263158, 0.03633156687852088, 0.01, 0.03571428571428571, 0.4760356065503124, 0.06122864204760757, 0.17163055030426155, 0.01098901098901099, 0.014385353095030515, 0.14571872645615908, 0.011111111111111112, 0.1513157894736842, 0.010309278350515464, 0.010526315789473684, 0.03787878787878788, 0.02725872232190822, 0.011904761904761904, 0.023809523809523808, 0.19163574520717375, 0.20367256648973064, 0.2970299466753368, 0.18370101336203032, 0.01694915254237288, 0.017241379310344827, 0.0186808052274154, 0.012345679012345678, 0.012751187431494337, 0.01342507132069139, 0.011904761904761904, 0.18863471314451707, 0.16418419149342844, 0.043527839254975685, 0.036942123828088744, 0.19375616559827086, 0.04633077409168633, 0.02857142857142857, 0.01020408163265306, 0.018403351698806247, 0.011494252873563218, 0.2584183061184334, 0.009174311926605505, 0.008403361344537815, 0.01793758043758044, 0.058823529411764705, 0.010309278350515464, 0.0125, 0.014810778680404198, 0.12054554554554554, 0.21703442566907216, 0.018714913260367807, 0.040218355186846286, 0.019339528312609072, 0.020741814452710932, 0.09876812408677083, 0.1029280340510837, 0.018575586372196543, 0.14583641020798857, 0.008620689655172414, 0.013699245418613008, 0.026567656765676566, 0.06443920130815754, 0.11506724919267688, 0.036962365591397844, 0.07441482324483532, 0.08395966985892542, 0.02295788939624556, 0.0602416431471718, 0.02846854791299236, 0.017857142857142856, 0.013513513513513514, 0.017771964917679642, 0.05826446280991736, 0.015579710144927535, 0.027276808488929702, 0.008695652173913044, 0.03375475049008819, 0.009259259259259259, 0.023255813953488372, 0.02731252808939256, 0.12314817716603432, 0.010101010101010102, 0.008695652173913044, 0.06388888888888888, 0.05980546138710474, 0.010416666666666666, 0.022932973459289248, 0.013072155117609664, 0.03802999982787994, 0.060624226633772184, 0.037289793169187846, 0.009708737864077669, 0.0125, 0.033204196933010494, 0.02702702702702703, 0.008695652173913044, 0.09331667770352979, 0.008849557522123894, 0.011494252873563218, 0.020235797021511306, 0.010526315789473684, 0.04007118311242022, 0.008264462809917356, 0.014382645259938837, 0.014925373134328358, 0.022758791229608458, 0.008620689655172414, 0.08619936561903671, 0.014285714285714285, 0.01282051282051282, 0.03571428571428571, 0.008547008547008548, 0.0196078431372549, 0.012987012987012988, 0.07647156084656084, 0.030303030303030304, 0.009345794392523364, 0.3600839874411303, 0.020833333333333332, 0.023333333333333334, 0.060488505747126435, 0.034482758620689655, 0.010752688172043012, 0.034482758620689655, 0.008403361344537815, 0.029158124328578873, 0.03965270318653777, 0.014285714285714285, 0.020309278350515464, 0.036156436156436156, 0.017543859649122806, 0.038461538461538464, 0.17390666408962022, 0.016464699683877766, 0.047915837205770834, 0.226559278299516, 0.17582960018258342, 0.015198408312147674, 0.157618740597464, 0.008620689655172414, 0.0196078431372549, 0.027777777777777776, 0.18247662202132608, 0.14507855258431746, 0.09090909090909091, 0.0676269324997888, 0.04, 0.012784921098772647, 0.025816993464052286, 0.05555555555555555, 0.01020408163265306, 0.011235955056179775, 0.016129032258064516, 0.07142857142857142, 0.03377659574468085, 0.026512376512376513, 0.02389157149135574, 0.013620689655172415, 0.011111111111111112, 0.037037037037037035, 0.014442778610694653, 0.37026707234617984, 0.2692977494957693, 0.07058741258741258, 0.01611875637104995, 0.4203125, 0.036812638512300516, 0.14087301587301587, 0.2285714285714286, 0.05, 0.03411711865419184, 0.16855948318680625, 0.07692307692307693, 0.0125, 0.18818681318681318, 0.13369565217391305, 0.008333333333333333, 0.025327286542801298, 0.02152014652014652, 0.03653719552337063, 0.05859209704287264, 0.014925373134328358, 0.021739130434782608, 0.3272442310257436, 0.04313543599257885, 0.0125, 0.23229229301305215, 0.02564102564102564, 0.017241379310344827, 0.2]","[0.17373705771611833, 0.4033159219190644, 0.41674477090580403, 0.0833963423352429, 0.39764677302541657, 0.26489282496521993, 0.39955625779010356, 0.1918081714448607, 0.27624768179459713, 0.28171925710928264, 0.24989312488128307, 0.3258364370485131, 0.18686393597945863, 0.48256952271145026, 0.15378224377761013, 0.33140752262915607, 0.3409613416776832, 0.12637986094217193, 0.18019100834949361, 0.22364864345181695, 0.32493641442717996, 0.1889398181407142, 0.2872373472346039, 0.27509040468212426, 0.30121711238014237, 0.11362495553608086, 0.15608684886262375, 0.35782723217030077, 0.28314524172417166, 0.2633965445008212, 0.2685905493779511, 0.26642768685791124, 0.2870864258003461, 0.20367256648973064, 0.20696972964775143, 0.33831668949999094, 0.4382764813424274, 0.12134294739263526, 0.11506724919267688, 0.18849226673780942, 0.12314817716603432, 0.17451327867024988, 0.14152562802519913, 0.25319012530014434, 0.4584381564296806, 0.2535579588693535, 0.21143023046497147, 0.30824874534778784, 0.3600839874411303, 0.15624391649459451, 0.16771137931092875, 0.23854597851814752, 0.22348986267399376]","[0.5216238619225785, 0.4727897634759073, 0.7738140974540286, 0.474977962487794, 0.6450340451216798, 0.44538995474143594, 0.6252961440155045, 0.46342007720540357, 0.711165706668808, 0.5018233767693885, 0.24792176459385135, 0.6030838434855663, 0.6448131874523476, 0.43474899514790444, 0.5449615471850127, 0.49454428575864484, 0.6865445205927129, 0.4904539274347476, 0.7814275525299945, 0.5026104031296312, 0.6215316495470995, 0.4020562262460085]","[0.013888888888888888, 0.025148809523809525, 0.05071079808383884, 0.015384615384615385, 0.17373705771611833, 0.4033159219190644, 0.41674477090580403, 0.24308616739989292, 0.01020408163265306, 0.008403361344537815, 0.0833963423352429, 0.08972620946305157, 0.03126659595587528, 0.015259813932380304, 0.03333333333333333, 0.39764677302541657, 0.5216238619225785, 0.018085270124672925, 0.21333874458874458, 0.0908170604765032, 0.26489282496521993, 0.02702702702702703, 0.4727897634759073, 0.017543859649122806, 0.04007209188660801, 0.11072150072150072, 0.20029116409197062, 0.7738140974540286, 0.4357275132275132, 0.474977962487794, 0.39955625779010356, 0.1918081714448607, 0.27624768179459713, 0.010752688172043012, 0.28171925710928264, 0.044018350930115635, 0.13806646804343775, 0.6450340451216798, 0.03445121187056671, 0.013314967860422407, 0.09191642057094208, 0.24989312488128307, 0.3258364370485131, 0.18686393597945863, 0.44538995474143594, 0.25, 0.48256952271145026, 0.15378224377761013, 0.33140752262915607, 0.07275012371818163, 0.3409613416776832, 0.12637986094217193, 0.18019100834949361, 0.054411764705882354, 0.22364864345181695, 0.010101010101010102, 0.008333333333333333, 0.32493641442717996, 0.10813492063492063, 0.6252961440155045, 0.037037037037037035, 0.1889398181407142, 0.025675675675675677, 0.2872373472346039, 0.008928571428571428, 0.25, 0.013888888888888888, 0.014635603345280765, 0.27509040468212426, 0.06272978206237384, 0.10056892536663158, 0.08333333333333333, 0.08333333333333333, 0.30121711238014237, 0.46342007720540357, 0.711165706668808, 0.5018233767693885, 0.029411764705882353, 0.01020408163265306, 0.009615384615384616, 0.24792176459385135, 0.060000000000000005, 0.11362495553608086, 0.17110603754439369, 0.06277171805887441, 0.01948785539446432, 0.15608684886262375, 0.04145337768974867, 0.043478260869565216, 0.029073841474760942, 0.06333333333333334, 0.09736842105263158, 0.03633156687852088, 0.01, 0.03571428571428571, 0.35782723217030077, 0.4760356065503124, 0.06122864204760757, 0.28314524172417166, 0.17163055030426155, 0.01098901098901099, 0.014385353095030515, 0.14571872645615908, 0.011111111111111112, 0.6030838434855663, 0.1513157894736842, 0.6448131874523476, 0.43474899514790444, 0.2633965445008212, 0.010309278350515464, 0.010526315789473684, 0.03787878787878788, 0.2685905493779511, 0.26642768685791124, 0.02725872232190822, 0.011904761904761904, 0.023809523809523808, 0.19163574520717375, 0.5449615471850127, 0.2870864258003461, 0.20367256648973064, 0.2970299466753368, 0.18370101336203032, 0.01694915254237288, 0.017241379310344827, 0.0186808052274154, 0.012345679012345678, 0.012751187431494337, 0.01342507132069139, 0.011904761904761904, 0.18863471314451707, 0.49454428575864484, 0.6865445205927129, 0.4904539274347476, 0.16418419149342844, 0.043527839254975685, 0.036942123828088744, 0.19375616559827086, 0.20696972964775143, 0.04633077409168633, 0.02857142857142857, 0.01020408163265306, 0.018403351698806247, 0.011494252873563218, 0.2584183061184334, 0.009174311926605505, 0.008403361344537815, 0.7814275525299945, 0.01793758043758044, 0.058823529411764705, 0.33831668949999094, 0.4382764813424274, 0.010309278350515464, 0.12134294739263526, 0.5026104031296312, 0.6215316495470995, 0.0125, 0.014810778680404198, 0.12054554554554554, 0.21703442566907216, 0.018714913260367807, 0.040218355186846286, 0.019339528312609072, 0.020741814452710932, 0.4020562262460085, 0.09876812408677083, 0.1029280340510837, 0.018575586372196543, 0.14583641020798857, 0.008620689655172414, 0.013699245418613008, 0.026567656765676566, 0.06443920130815754, 0.11506724919267688, 0.18849226673780942, 0.036962365591397844, 0.07441482324483532, 0.08395966985892542, 0.02295788939624556, 0.0602416431471718, 0.02846854791299236, 0.017857142857142856, 0.013513513513513514, 0.017771964917679642, 0.05826446280991736, 0.015579710144927535, 0.027276808488929702, 0.008695652173913044, 0.03375475049008819, 0.009259259259259259, 0.023255813953488372, 0.02731252808939256, 0.12314817716603432, 0.010101010101010102, 0.008695652173913044, 0.06388888888888888, 0.05980546138710474, 0.17451327867024988, 0.010416666666666666, 0.022932973459289248, 0.14152562802519913, 0.25319012530014434, 0.013072155117609664, 0.03802999982787994, 0.060624226633772184, 0.037289793169187846, 0.4584381564296806, 0.2535579588693535, 0.21143023046497147, 0.009708737864077669, 0.0125, 0.033204196933010494, 0.02702702702702703, 0.008695652173913044, 0.09331667770352979, 0.008849557522123894, 0.011494252873563218, 0.020235797021511306, 0.010526315789473684, 0.04007118311242022, 0.008264462809917356, 0.014382645259938837, 0.014925373134328358, 0.022758791229608458, 0.008620689655172414, 0.08619936561903671, 0.014285714285714285, 0.01282051282051282, 0.03571428571428571, 0.008547008547008548, 0.0196078431372549, 0.012987012987012988, 0.30824874534778784, 0.07647156084656084, 0.030303030303030304, 0.009345794392523364, 0.3600839874411303, 0.15624391649459451, 0.020833333333333332, 0.023333333333333334, 0.060488505747126435, 0.034482758620689655, 0.010752688172043012, 0.034482758620689655, 0.008403361344537815, 0.029158124328578873, 0.03965270318653777, 0.014285714285714285, 0.020309278350515464, 0.036156436156436156, 0.017543859649122806, 0.038461538461538464, 0.17390666408962022, 0.016464699683877766, 0.16771137931092875, 0.047915837205770834, 0.226559278299516, 0.17582960018258342, 0.015198408312147674, 0.157618740597464, 0.008620689655172414, 0.0196078431372549, 0.027777777777777776, 0.18247662202132608, 0.14507855258431746, 0.09090909090909091, 0.0676269324997888, 0.04, 0.012784921098772647, 0.025816993464052286, 0.05555555555555555, 0.01020408163265306, 0.011235955056179775, 0.016129032258064516, 0.07142857142857142, 0.03377659574468085, 0.026512376512376513, 0.02389157149135574, 0.013620689655172415, 0.011111111111111112, 0.037037037037037035, 0.014442778610694653, 0.37026707234617984, 0.2692977494957693, 0.07058741258741258, 0.23854597851814752, 0.01611875637104995, 0.4203125, 0.036812638512300516, 0.22348986267399376, 0.14087301587301587, 0.2285714285714286, 0.05, 0.03411711865419184, 0.16855948318680625, 0.07692307692307693, 0.0125, 0.18818681318681318, 0.13369565217391305, 0.008333333333333333, 0.025327286542801298, 0.02152014652014652, 0.03653719552337063, 0.05859209704287264, 0.014925373134328358, 0.021739130434782608, 0.3272442310257436, 0.04313543599257885, 0.0125, 0.23229229301305215, 0.02564102564102564, 0.017241379310344827, 0.2]"
num_pos_list,"[1.0, 2.0, 5.0, 1.0, 9.0, 1.0, 1.0, 10.0, 3.0, 3.0, 2.0, 1.0, 2.0, 4.0, 5.0, 1.0, 1.0, 4.0, 5.0, 7.0, 8.0, 1.0, 5.0, 7.0, 3.0, 2.0, 6.0, 1.0, 6.0, 2.0, 1.0, 1.0, 4.0, 1.0, 2.0, 1.0, 1.0, 1.0, 2.0, 5.0, 9.0, 1.0, 1.0, 1.0, 1.0, 1.0, 2.0, 10.0, 3.0, 9.0, 2.0, 4.0, 1.0, 4.0, 2.0, 3.0, 4.0, 1.0, 1.0, 8.0, 4.0, 8.0, 1.0, 2.0, 6.0, 1.0, 2.0, 1.0, 1.0, 2.0, 4.0, 1.0, 1.0, 3.0, 10.0, 9.0, 6.0, 1.0, 1.0, 3.0, 1.0, 2.0, 2.0, 1.0, 6.0, 9.0, 4.0, 5.0, 8.0, 6.0, 2.0, 1.0, 3.0, 1.0, 8.0, 1.0, 1.0, 2.0, 1.0, 1.0, 1.0, 2.0, 4.0, 9.0, 3.0, 7.0, 3.0, 3.0, 5.0, 8.0, 2.0, 5.0, 1.0, 2.0, 2.0, 9.0, 10.0, 2.0, 6.0, 6.0, 2.0, 6.0, 3.0, 1.0, 1.0, 2.0, 2.0, 2.0, 3.0, 1.0, 5.0, 1.0, 1.0, 4.0, 10.0, 1.0, 1.0, 2.0, 9.0, 1.0, 3.0, 2.0, 6.0, 3.0, 5.0, 1.0, 1.0, 3.0, 1.0, 1.0, 5.0, 1.0, 1.0, 3.0, 1.0, 3.0, 1.0, 2.0, 1.0, 4.0, 1.0, 7.0, 1.0, 1.0, 1.0, 1.0, 1.0, 1.0, 3.0, 1.0, 1.0, 10.0, 1.0, 2.0, 3.0, 1.0, 1.0, 1.0, 1.0, 4.0, 3.0, 1.0, 2.0, 3.0, 1.0, 1.0, 8.0, 2.0, 5.0, 8.0, 9.0, 2.0, 6.0, 1.0, 1.0, 1.0, 9.0, 6.0, 1.0, 3.0, 1.0, 2.0, 2.0, 1.0, 1.0, 1.0, 1.0, 1.0, 2.0, 3.0, 3.0, 2.0, 1.0, 1.0, 2.0, 4.0, 6.0, 5.0, 2.0, 8.0, 5.0, 2.0, 3.0, 1.0, 4.0, 9.0, 1.0, 1.0, 4.0, 2.0, 1.0, 4.0, 2.0, 2.0, 6.0, 1.0, 1.0, 7.0, 2.0, 1.0, 7.0, 1.0, 1.0, 1.0]","[11.0, 28.0, 28.0, 10.0, 18.0, 23.0, 11.0, 12.0, 27.0, 12.0, 12.0, 25.0, 13.0, 22.0, 11.0, 18.0, 18.0, 11.0, 15.0, 12.0, 11.0, 15.0, 12.0, 11.0, 13.0, 10.0, 15.0, 25.0, 24.0, 26.0, 13.0, 11.0, 14.0, 10.0, 13.0, 26.0, 22.0, 12.0, 10.0, 16.0, 10.0, 13.0, 12.0, 24.0, 13.0, 16.0, 11.0, 15.0, 10.0, 13.0, 16.0, 13.0, 14.0]","[41.0, 33.0, 72.0, 36.0, 51.0, 37.0, 31.0, 31.0, 67.0, 51.0, 33.0, 42.0, 43.0, 35.0, 41.0, 40.0, 49.0, 39.0, 58.0, 44.0, 58.0, 32.0]","[1.0, 2.0, 5.0, 1.0, 11.0, 28.0, 28.0, 9.0, 1.0, 1.0, 10.0, 3.0, 3.0, 2.0, 1.0, 18.0, 41.0, 2.0, 4.0, 5.0, 23.0, 1.0, 33.0, 1.0, 4.0, 5.0, 7.0, 72.0, 8.0, 36.0, 11.0, 12.0, 27.0, 1.0, 12.0, 5.0, 7.0, 51.0, 3.0, 2.0, 6.0, 12.0, 25.0, 13.0, 37.0, 1.0, 22.0, 11.0, 18.0, 6.0, 18.0, 11.0, 15.0, 2.0, 12.0, 1.0, 1.0, 11.0, 4.0, 31.0, 1.0, 15.0, 2.0, 12.0, 1.0, 1.0, 1.0, 2.0, 11.0, 5.0, 9.0, 1.0, 1.0, 13.0, 31.0, 67.0, 51.0, 1.0, 1.0, 1.0, 33.0, 2.0, 10.0, 3.0, 9.0, 2.0, 15.0, 4.0, 1.0, 4.0, 2.0, 3.0, 4.0, 1.0, 1.0, 25.0, 8.0, 4.0, 24.0, 8.0, 1.0, 2.0, 6.0, 1.0, 42.0, 2.0, 43.0, 35.0, 26.0, 1.0, 1.0, 2.0, 13.0, 11.0, 4.0, 1.0, 1.0, 3.0, 41.0, 14.0, 10.0, 9.0, 6.0, 1.0, 1.0, 3.0, 1.0, 2.0, 2.0, 1.0, 6.0, 40.0, 49.0, 39.0, 9.0, 4.0, 5.0, 8.0, 13.0, 6.0, 2.0, 1.0, 3.0, 1.0, 8.0, 1.0, 1.0, 58.0, 2.0, 1.0, 26.0, 22.0, 1.0, 12.0, 44.0, 58.0, 1.0, 2.0, 4.0, 9.0, 3.0, 7.0, 3.0, 3.0, 32.0, 5.0, 8.0, 2.0, 5.0, 1.0, 2.0, 2.0, 9.0, 10.0, 16.0, 2.0, 6.0, 6.0, 2.0, 6.0, 3.0, 1.0, 1.0, 2.0, 2.0, 2.0, 3.0, 1.0, 5.0, 1.0, 1.0, 4.0, 10.0, 1.0, 1.0, 2.0, 9.0, 13.0, 1.0, 3.0, 12.0, 24.0, 2.0, 6.0, 3.0, 5.0, 13.0, 16.0, 11.0, 1.0, 1.0, 3.0, 1.0, 1.0, 5.0, 1.0, 1.0, 3.0, 1.0, 3.0, 1.0, 2.0, 1.0, 4.0, 1.0, 7.0, 1.0, 1.0, 1.0, 1.0, 1.0, 1.0, 15.0, 3.0, 1.0, 1.0, 10.0, 13.0, 1.0, 2.0, 3.0, 1.0, 1.0, 1.0, 1.0, 4.0, 3.0, 1.0, 2.0, 3.0, 1.0, 1.0, 8.0, 2.0, 16.0, 5.0, 8.0, 9.0, 2.0, 6.0, 1.0, 1.0, 1.0, 9.0, 6.0, 1.0, 3.0, 1.0, 2.0, 2.0, 1.0, 1.0, 1.0, 1.0, 1.0, 2.0, 3.0, 3.0, 2.0, 1.0, 1.0, 2.0, 4.0, 6.0, 5.0, 13.0, 2.0, 8.0, 5.0, 14.0, 2.0, 3.0, 1.0, 4.0, 9.0, 1.0, 1.0, 4.0, 2.0, 1.0, 4.0, 2.0, 2.0, 6.0, 1.0, 1.0, 7.0, 2.0, 1.0, 7.0, 1.0, 1.0, 1.0]"
auc_list,"[0.4083333333333333, 0.4369747899159664, 0.503448275862069, 0.4666666666666667, 0.8283730158730158, 0.19166666666666665, 0.01666666666666672, 0.4864864864864865, 0.5932203389830508, 0.3926553672316384, 0.21008403361344535, 0.7583333333333333, 0.33193277310924374, 0.8525641025641025, 0.5775862068965517, 0.7, 0.5333333333333333, 0.5042735042735043, 0.6982758620689655, 0.7155388471177945, 0.9236725663716814, 0.23333333333333328, 0.45517241379310347, 0.5676691729323308, 0.5451977401129944, 0.08823529411764708, 0.6753623188405797, 0.975, 0.5623188405797102, 0.7857142857142858, 0.18333333333333335, 0.008333333333333304, 0.6794871794871795, 0.7833333333333333, 0.42016806722689076, 0.07499999999999996, 0.975, 0.4083333333333333, 0.16806722689075626, 0.5275862068965518, 0.41468253968253965, 0.9083333333333333, 0.9083333333333333, 0.725, 0.19166666666666665, 0.14166666666666672, 0.5504201680672269, 0.3882882882882883, 0.7740112994350282, 0.38690476190476186, 0.3403361344537815, 0.44017094017094016, 0.8166666666666667, 0.30982905982905984, 0.6554621848739496, 0.6807909604519773, 0.43162393162393164, 0.17500000000000004, 0.775, 0.9369469026548674, 0.6752136752136753, 0.6957964601769911, 0.25, 0.15546218487394958, 0.644927536231884, 0.2583333333333333, 0.8361344537815125, 0.19999999999999996, 0.21666666666666667, 0.6428571428571428, 0.27350427350427353, 0.30833333333333335, 0.6583333333333333, 0.6242937853107344, 0.7072072072072073, 0.6904761904761905, 0.7420289855072464, 0.5166666666666666, 0.525, 0.13276836158192093, 0.33333333333333337, 0.02941176470588236, 0.09243697478991597, 0.30833333333333335, 0.7739130434782608, 0.6488095238095238, 0.5192307692307692, 0.3655172413793103, 0.745575221238938, 0.40289855072463765, 0.5336134453781513, 0.19166666666666665, 0.12146892655367232, 0.2833333333333333, 0.6028761061946902, 0.09999999999999998, 0.01666666666666672, 0.31092436974789917, 0.8666666666666667, 0.19999999999999996, 0.3416666666666667, 0.16806722689075632, 0.8098290598290598, 0.7142857142857142, 0.1497175141242938, 0.21052631578947367, 0.17796610169491528, 0.22316384180790963, 0.7775862068965518, 0.5707964601769911, 0.3487394957983193, 0.55, 0.04166666666666663, 0.11764705882352944, 0.4621848739495798, 0.3214285714285714, 0.5522522522522523, 0.6512605042016807, 0.5304347826086957, 0.6710144927536232, 0.4789915966386554, 0.49855072463768113, 0.4378531073446328, 0.5416666666666667, 0.3916666666666667, 0.32352941176470584, 0.46218487394957986, 0.2184873949579832, 0.3163841807909604, 0.050000000000000044, 0.30517241379310345, 0.10833333333333328, 0.65, 0.25213675213675213, 0.4657657657657657, 0.18333333333333335, 0.050000000000000044, 0.6680672268907564, 0.33134920634920634, 0.20833333333333337, 0.29943502824858753, 0.0672268907563025, 0.2811594202898551, 0.596045197740113, 0.36551724137931035, 0.15000000000000002, 0.3416666666666667, 0.4887005649717514, 0.7, 0.050000000000000044, 0.5586206896551724, 0.06666666666666665, 0.2833333333333333, 0.21468926553672313, 0.21666666666666667, 0.5564971751412429, 0.0, 0.15126050420168063, 0.44999999999999996, 0.1217948717948718, 0.04166666666666663, 0.4636591478696742, 0.42500000000000004, 0.3583333333333333, 0.775, 0.033333333333333326, 0.5833333333333333, 0.3666666666666667, 0.7457627118644068, 0.7333333333333334, 0.1166666666666667, 0.863963963963964, 0.6083333333333334, 0.48739495798319327, 0.7203389830508474, 0.7666666666666666, 0.23333333333333328, 0.7666666666666666, 0.01666666666666672, 0.26068376068376065, 0.5282485875706214, 0.42500000000000004, 0.3949579831932773, 0.4350282485875706, 0.5333333333333333, 0.7916666666666666, 0.672566371681416, 0.26890756302521013, 0.3327586206896552, 0.7488938053097345, 0.6031746031746033, 0.20588235294117646, 0.7304347826086957, 0.04166666666666663, 0.5833333333333333, 0.7083333333333333, 0.6607142857142856, 0.6420289855072463, 0.9166666666666666, 0.5310734463276836, 0.8, 0.02941176470588236, 0.5378151260504201, 0.8583333333333334, 0.19166666666666665, 0.2666666666666667, 0.4916666666666667, 0.8916666666666666, 0.6470588235294118, 0.40395480225988706, 0.3389830508474576, 0.10504201680672265, 0.2583333333333333, 0.7833333333333333, 0.16386554621848742, 0.9123931623931624, 0.772463768115942, 0.44999999999999996, 0.25210084033613445, 0.9203539823008849, 0.3568965517241379, 0.73109243697479, 0.7542372881355932, 0.8416666666666667, 0.42735042735042733, 0.5684523809523809, 0.9, 0.3416666666666667, 0.7435897435897436, 0.5126050420168067, 0.008333333333333304, 0.21794871794871795, 0.39915966386554624, 0.6764705882352942, 0.5333333333333333, 0.44999999999999996, 0.625, 0.8483709273182958, 0.7142857142857143, 0.3416666666666667, 0.612781954887218, 0.6833333333333333, 0.525, 0.9666666666666667]","[0.6380165289256199, 0.7430875576036866, 0.7307987711213518, 0.4864864864864865, 0.6952535059331176, 0.5559006211180124, 0.8057851239669422, 0.6154434250764526, 0.6150512214342001, 0.7637614678899082, 0.6077981651376146, 0.6695833333333334, 0.6317663817663818, 0.78099173553719, 0.6066115702479339, 0.6785329018338727, 0.7572815533980582, 0.487603305785124, 0.5836477987421383, 0.7553516819571866, 0.8074380165289256, 0.5742138364779874, 0.7507645259938838, 0.5570247933884297, 0.7742165242165242, 0.3882882882882883, 0.42641509433962266, 0.6970833333333333, 0.5893470790378007, 0.5587044534412955, 0.7243589743589745, 0.7727272727272727, 0.7903871829105474, 0.7072072072072073, 0.6339031339031339, 0.5777327935222671, 0.7327823691460055, 0.5527522935779816, 0.5522522522522523, 0.46964285714285714, 0.4657657657657657, 0.5783475783475783, 0.5481651376146789, 0.4720790378006873, 0.8903133903133904, 0.6095238095238095, 0.687603305785124, 0.7477987421383648, 0.863963963963964, 0.5861823361823362, 0.5035714285714286, 0.6502849002849003, 0.7269692923898531]","[0.6774390243902438, 0.6714876033057852, 0.6913265306122449, 0.6790849673202615, 0.6560224089635854, 0.6502574002574002, 0.7383512544802867, 0.7164874551971326, 0.6390270867882808, 0.5602240896358543, 0.4352617079889807, 0.6609403254972875, 0.7528324388789506, 0.6624584717607973, 0.6963414634146342, 0.6009259259259259, 0.7672902494331065, 0.6488430268918074, 0.7769567597153804, 0.5230224321133412, 0.6434044882320743, 0.6857443820224719]","[0.4083333333333333, 0.4369747899159664, 0.503448275862069, 0.4666666666666667, 0.6380165289256199, 0.7430875576036866, 0.7307987711213518, 0.8283730158730158, 0.19166666666666665, 0.01666666666666672, 0.4864864864864865, 0.5932203389830508, 0.3926553672316384, 0.21008403361344535, 0.7583333333333333, 0.6952535059331176, 0.6774390243902438, 0.33193277310924374, 0.8525641025641025, 0.5775862068965517, 0.5559006211180124, 0.7, 0.6714876033057852, 0.5333333333333333, 0.5042735042735043, 0.6982758620689655, 0.7155388471177945, 0.6913265306122449, 0.9236725663716814, 0.6790849673202615, 0.8057851239669422, 0.6154434250764526, 0.6150512214342001, 0.23333333333333328, 0.7637614678899082, 0.45517241379310347, 0.5676691729323308, 0.6560224089635854, 0.5451977401129944, 0.08823529411764708, 0.6753623188405797, 0.6077981651376146, 0.6695833333333334, 0.6317663817663818, 0.6502574002574002, 0.975, 0.78099173553719, 0.6066115702479339, 0.6785329018338727, 0.5623188405797102, 0.7572815533980582, 0.487603305785124, 0.5836477987421383, 0.7857142857142858, 0.7553516819571866, 0.18333333333333335, 0.008333333333333304, 0.8074380165289256, 0.6794871794871795, 0.7383512544802867, 0.7833333333333333, 0.5742138364779874, 0.42016806722689076, 0.7507645259938838, 0.07499999999999996, 0.975, 0.4083333333333333, 0.16806722689075626, 0.5570247933884297, 0.5275862068965518, 0.41468253968253965, 0.9083333333333333, 0.9083333333333333, 0.7742165242165242, 0.7164874551971326, 0.6390270867882808, 0.5602240896358543, 0.725, 0.19166666666666665, 0.14166666666666672, 0.4352617079889807, 0.5504201680672269, 0.3882882882882883, 0.7740112994350282, 0.38690476190476186, 0.3403361344537815, 0.42641509433962266, 0.44017094017094016, 0.8166666666666667, 0.30982905982905984, 0.6554621848739496, 0.6807909604519773, 0.43162393162393164, 0.17500000000000004, 0.775, 0.6970833333333333, 0.9369469026548674, 0.6752136752136753, 0.5893470790378007, 0.6957964601769911, 0.25, 0.15546218487394958, 0.644927536231884, 0.2583333333333333, 0.6609403254972875, 0.8361344537815125, 0.7528324388789506, 0.6624584717607973, 0.5587044534412955, 0.19999999999999996, 0.21666666666666667, 0.6428571428571428, 0.7243589743589745, 0.7727272727272727, 0.27350427350427353, 0.30833333333333335, 0.6583333333333333, 0.6242937853107344, 0.6963414634146342, 0.7903871829105474, 0.7072072072072073, 0.6904761904761905, 0.7420289855072464, 0.5166666666666666, 0.525, 0.13276836158192093, 0.33333333333333337, 0.02941176470588236, 0.09243697478991597, 0.30833333333333335, 0.7739130434782608, 0.6009259259259259, 0.7672902494331065, 0.6488430268918074, 0.6488095238095238, 0.5192307692307692, 0.3655172413793103, 0.745575221238938, 0.6339031339031339, 0.40289855072463765, 0.5336134453781513, 0.19166666666666665, 0.12146892655367232, 0.2833333333333333, 0.6028761061946902, 0.09999999999999998, 0.01666666666666672, 0.7769567597153804, 0.31092436974789917, 0.8666666666666667, 0.5777327935222671, 0.7327823691460055, 0.19999999999999996, 0.5527522935779816, 0.5230224321133412, 0.6434044882320743, 0.3416666666666667, 0.16806722689075632, 0.8098290598290598, 0.7142857142857142, 0.1497175141242938, 0.21052631578947367, 0.17796610169491528, 0.22316384180790963, 0.6857443820224719, 0.7775862068965518, 0.5707964601769911, 0.3487394957983193, 0.55, 0.04166666666666663, 0.11764705882352944, 0.4621848739495798, 0.3214285714285714, 0.5522522522522523, 0.46964285714285714, 0.6512605042016807, 0.5304347826086957, 0.6710144927536232, 0.4789915966386554, 0.49855072463768113, 0.4378531073446328, 0.5416666666666667, 0.3916666666666667, 0.32352941176470584, 0.46218487394957986, 0.2184873949579832, 0.3163841807909604, 0.050000000000000044, 0.30517241379310345, 0.10833333333333328, 0.65, 0.25213675213675213, 0.4657657657657657, 0.18333333333333335, 0.050000000000000044, 0.6680672268907564, 0.33134920634920634, 0.5783475783475783, 0.20833333333333337, 0.29943502824858753, 0.5481651376146789, 0.4720790378006873, 0.0672268907563025, 0.2811594202898551, 0.596045197740113, 0.36551724137931035, 0.8903133903133904, 0.6095238095238095, 0.687603305785124, 0.15000000000000002, 0.3416666666666667, 0.4887005649717514, 0.7, 0.050000000000000044, 0.5586206896551724, 0.06666666666666665, 0.2833333333333333, 0.21468926553672313, 0.21666666666666667, 0.5564971751412429, 0.0, 0.15126050420168063, 0.44999999999999996, 0.1217948717948718, 0.04166666666666663, 0.4636591478696742, 0.42500000000000004, 0.3583333333333333, 0.775, 0.033333333333333326, 0.5833333333333333, 0.3666666666666667, 0.7477987421383648, 0.7457627118644068, 0.7333333333333334, 0.1166666666666667, 0.863963963963964, 0.5861823361823362, 0.6083333333333334, 0.48739495798319327, 0.7203389830508474, 0.7666666666666666, 0.23333333333333328, 0.7666666666666666, 0.01666666666666672, 0.26068376068376065, 0.5282485875706214, 0.42500000000000004, 0.3949579831932773, 0.4350282485875706, 0.5333333333333333, 0.7916666666666666, 0.672566371681416, 0.26890756302521013, 0.5035714285714286, 0.3327586206896552, 0.7488938053097345, 0.6031746031746033, 0.20588235294117646, 0.7304347826086957, 0.04166666666666663, 0.5833333333333333, 0.7083333333333333, 0.6607142857142856, 0.6420289855072463, 0.9166666666666666, 0.5310734463276836, 0.8, 0.02941176470588236, 0.5378151260504201, 0.8583333333333334, 0.19166666666666665, 0.2666666666666667, 0.4916666666666667, 0.8916666666666666, 0.6470588235294118, 0.40395480225988706, 0.3389830508474576, 0.10504201680672265, 0.2583333333333333, 0.7833333333333333, 0.16386554621848742, 0.9123931623931624, 0.772463768115942, 0.44999999999999996, 0.6502849002849003, 0.25210084033613445, 0.9203539823008849, 0.3568965517241379, 0.7269692923898531, 0.73109243697479, 0.7542372881355932, 0.8416666666666667, 0.42735042735042733, 0.5684523809523809, 0.9, 0.3416666666666667, 0.7435897435897436, 0.5126050420168067, 0.008333333333333304, 0.21794871794871795, 0.39915966386554624, 0.6764705882352942, 0.5333333333333333, 0.44999999999999996, 0.625, 0.8483709273182958, 0.7142857142857143, 0.3416666666666667, 0.612781954887218, 0.6833333333333333, 0.525, 0.9666666666666667]"
m-aupr,0.0396632986976834,0.20184157171165257,0.5273757851367789,0.3107536942661593
m-auc,0.6050131421641314,0.6486499487958687,0.6596581773040286,0.8020849888706998
F-max,0.08759923350670681,0.2808365343576611,0.5575008582217644,0.38192128085390253
t_max,0.05,0.11,0.18,0.14
p_max,0.055267702936096716,0.2168754119973632,0.41662390969728064,0.32639680729760545
r_max,0.21108179419525067,0.3983050847457627,0.8423236514522822,0.46020900321543406
F1-score,,,0.21570319240724764,0.09310986964618248
accuracy,0.9743259720905026,0.8708671241422333,0.6567220543806647,0.9356807015690211
precision,,0.0,0.6410256410256411,0.6345177664974619
recall,0.0,0.0,0.12966804979253113,0.050241157556270094
